dataset,well,n_used,n_raw,frac_dropped,med_pairs,med_y,treatment,dose_label,arm
density,1E6_24stim_rep2,285,285,0.0,8.0,2.354151198259823,none,1E6,untreated
density,1E6_24stim_replicate1,279,279,0.0,8.0,2.3978572032268035,none,1E6,untreated
density,1E6_IAStim_rep1,137,137,0.0,15.0,1.7056648230592324,none,1E6,untreated
density,1E6_IAStim_rep2,128,128,0.0,15.0,1.7488463399430212,none,1E6,untreated
density,25E4_24stim_rep1,102,102,0.0,13.0,1.8858557255197526,none,25E4,untreated
density,25E4_24stim_rep2,153,153,0.0,9.0,2.4076486836167965,none,25E4,untreated
density,25E4_IAStim_rep1,56,56,0.0,17.0,1.5158340434144235,none,25E4,untreated
density,25E4_IAStim_rep2,44,44,0.0,17.0,1.3274310012259773,none,25E4,untreated
density,5E5_24stim_rep1,217,217,0.0,9.0,2.2315259801177016,none,5E5,untreated
density,5E5_24stim_rep2,286,286,0.0,8.5,2.363584994235259,none,5E5,untreated
density,5E5_IAStim_rep1,56,56,0.0,17.0,1.2058394579593155,none,5E5,untreated
density,5E5_IAStim_rep2,83,83,0.0,17.0,1.616407972015148,none,5E5,untreated
density,PMA_5E5_24stim_Rep1,158,158,0.0,17.0,0.6857708288767772,PMA,PMA,PMA ctrl
density,PMA_5E5_24stim_Rep2,110,110,0.0,17.0,0.954605170514786,PMA,PMA,PMA ctrl
density,PMA_5E5_IAStim_rep1,70,70,0.0,17.0,1.1819240295251823,PMA,PMA,PMA ctrl
density,PMA_5E5_IAStim_rep2,86,86,0.0,17.0,1.3694726575024763,PMA,PMA,PMA ctrl
pma,24stim_PMA_acute_10ug_rep1,95,95,0.0,17.0,0.692478602503467,acute,10ug,PMA
pma,24stim_PMA_acute_10ug_rep2,148,148,0.0,17.0,0.8468380686570276,acute,10ug,PMA
pma,24stim_PMA_acute_2ug_rep1,170,170,0.0,15.5,1.281773447724099,acute,2ug,PMA
pma,24stim_PMA_acute_2ug_rep2,121,121,0.0,17.0,0.9956985305718375,acute,2ug,PMA
pma,24stim_PMA_acute_50ug_rep1,126,126,0.0,17.0,0.6944535990528256,acute,50ug,PMA
pma,24stim_PMA_acute_50ug_rep2,127,127,0.0,17.0,0.6725314838454098,acute,50ug,PMA
pma,24stim_PMA_acute_NoPMA_rep1,174,174,0.0,10.0,2.326141641605677,acute,NoPMA,untreated
pma,24stim_PMA_acute_NoPMA_rep2,152,152,0.0,12.0,2.132771191620895,acute,NoPMA,untreated
pma,24stim_PMA_chron_.08_rep1,190,190,0.0,13.0,2.0287831762805464,chronic,.08,PMA
pma,24stim_PMA_chron_.08_rep2,158,158,0.0,14.5,1.745142421011876,chronic,.08,PMA
pma,24stim_PMA_chron_.4_rep1,105,105,0.0,17.0,1.0674184502343145,chronic,.4,PMA
pma,24stim_PMA_chron_.4_rep2,151,151,0.0,17.0,1.415270020868319,chronic,.4,PMA
pma,24stim_PMA_chron_2_rep1,124,124,0.0,17.0,0.9535032288511196,chronic,2,PMA
pma,24stim_PMA_chron_2_rep2,100,100,0.0,17.0,0.795810036992251,chronic,2,PMA
pma,24stim_PMA_chron_NoPMA_rep1,122,122,0.0,11.0,2.285946909729116,chronic,NoPMA,untreated
pma,24stim_PMA_chron_NoPMA_rep2,103,103,0.0,10.0,2.4541333033343693,chronic,NoPMA,untreated
pma,Naive_PMA_acute_10ug_rep1,34,34,0.0,17.0,0.5415583600541894,acute,10ug,PMA
pma,Naive_PMA_acute_10ug_rep2,62,62,0.0,17.0,1.153460269800726,acute,10ug,PMA
pma,Naive_PMA_acute_2ug_rep1,40,40,0.0,17.0,1.289989358396877,acute,2ug,PMA
pma,Naive_PMA_acute_2ug_rep2,54,54,0.0,17.0,1.3256550810368677,acute,2ug,PMA
pma,Naive_PMA_acute_50ug_rep1,31,31,0.0,17.0,0.780517927232077,acute,50ug,PMA
pma,Naive_PMA_acute_50ug_rep2,32,32,0.0,17.0,0.37039606182998086,acute,50ug,PMA
pma,Naive_PMA_acute_NoPMA_rep1,25,25,0.0,17.0,0.5052063714459304,acute,NoPMA,untreated
pma,Naive_PMA_acute_NoPMA_rep2,42,42,0.0,17.0,0.3365081070642727,acute,NoPMA,untreated
pma,Naive_PMA_chron_.08_rep1,59,59,0.0,17.0,0.8549539066437007,chronic,.08,PMA
pma,Naive_PMA_chron_.08_rep2,51,51,0.0,17.0,0.5502109640854469,chronic,.08,PMA
pma,Naive_PMA_chron_.4_rep1,59,59,0.0,17.0,1.5334672332020145,chronic,.4,PMA
pma,Naive_PMA_chron_.4_rep2,46,46,0.0,15.5,1.5542167705537753,chronic,.4,PMA
pma,Naive_PMA_chron_2_rep1,38,38,0.0,17.0,0.93213865070754,chronic,2,PMA
pma,Naive_PMA_chron_2_rep2,50,50,0.0,17.0,1.341808966196373,chronic,2,PMA
pma,Naive_PMA_chron_NoPMA_rep1,33,33,0.0,17.0,0.2003145523569293,chronic,NoPMA,untreated
pma,Naive_PMA_chron_NoPMA_rep2,55,55,0.0,17.0,0.3842619153115104,chronic,NoPMA,untreated
dox,run1_239_500_r1,57,57,0.0,7.0,1.5065035982245865,run1,500,dox
dox,run1_239_500_r2,43,43,0.0,5.0,1.6956365188561446,run1,500,dox
dox,run1_239_500_r3,94,94,0.0,6.5,1.4255350669511875,run1,500,dox
dox,run1_239_PMA_r1,65,65,0.0,11.0,1.108612816304095,run1,PMA,PMA ctrl
dox,run1_239_PMA_r3,67,67,0.0,14.0,0.8645895631206426,run1,PMA,PMA ctrl
dox,run1_239_untreated_r1,63,63,0.0,7.0,1.4601699519857838,run1,untreated,untreated
dox,run1_239_untreated_r2,216,216,0.0,6.0,1.8998056504944358,run1,untreated,untreated
dox,run1_239_untreated_r3,309,309,0.0,7.0,2.2507649838011368,run1,untreated,untreated
dox,run1_240_100_r1,100,100,0.0,8.5,1.349362062550462,run1,100,dox
dox,run1_240_100_r2,99,99,0.0,9.0,1.064089702936251,run1,100,dox
dox,run1_240_100_r3,31,31,0.0,13.0,0.4903950812539415,run1,100,dox
dox,run1_240_20_r1,60,60,0.0,8.0,1.674123534535136,run1,20,dox
dox,run1_240_20_r2,67,67,0.0,7.0,1.950826345262052,run1,20,dox
dox,run1_240_20_r3,45,45,0.0,4.0,2.030446179707595,run1,20,dox
dox,run1_240_500_r1,77,77,0.0,3.0,1.906622177206711,run1,500,dox
dox,run1_240_500_r2,47,47,0.0,9.0,1.2947230863230446,run1,500,dox
dox,run1_240_500_r3,39,39,0.0,9.0,1.323617595040919,run1,500,dox
dox,run1_240_untreated_r1,65,65,0.0,7.0,1.818516202741714,run1,untreated,untreated
dox,run1_240_untreated_r2,34,34,0.0,6.5,1.8437323115328104,run1,untreated,untreated
dox,run1_240_untreated_r3,26,26,0.0,9.0,1.6040744502135813,run1,untreated,untreated
dox,run1_255_100_r1,52,52,0.0,8.0,1.9243535483053016,run1,100,dox
dox,run1_255_100_r2,32,32,0.0,4.5,2.0839511171828002,run1,100,dox
dox,run1_255_100_r3,38,38,0.0,4.0,2.234909118761,run1,100,dox
dox,run1_255_20_r1,80,80,0.0,5.0,2.000210759983477,run1,20,dox
dox,run1_255_20_r2,45,45,0.0,4.0,1.9115018559763235,run1,20,dox
dox,run1_255_20_r3,56,56,0.0,5.0,2.102412703401258,run1,20,dox
dox,run1_255_500_r1,30,30,0.0,7.0,1.0674411102061665,run1,500,dox
dox,run1_255_500_r2,26,26,0.0,6.0,2.3316813367471756,run1,500,dox
dox,run1_255_500_r3,32,32,0.0,6.0,1.9289793850988504,run1,500,dox
dox,run1_255_untreated_r1,30,30,0.0,8.0,1.0755051454845512,run1,untreated,untreated
dox,run1_255_untreated_r2,68,68,0.0,7.5,1.6954361209506599,run1,untreated,untreated
dox,run1_255_untreated_r3,36,36,0.0,4.5,1.7194450427942767,run1,untreated,untreated
dox,run1_257_100_r1,111,111,0.0,6.0,1.828547909811289,run1,100,dox
dox,run1_257_100_r2,44,44,0.0,6.0,1.4911829770998244,run1,100,dox
dox,run1_257_100_r3,37,37,0.0,10.0,1.734230399847366,run1,100,dox
dox,run1_257_20_r1,66,66,0.0,4.0,2.1013782241514085,run1,20,dox
dox,run1_257_20_r2,51,51,0.0,7.0,1.5681213167766974,run1,20,dox
dox,run1_257_20_r3,38,38,0.0,8.0,1.5755568493707375,run1,20,dox
dox,run1_257_500_r1,36,36,0.0,5.5,1.548178186032864,run1,500,dox
dox,run1_257_500_r2,28,28,0.0,6.0,1.3981803488173308,run1,500,dox
dox,run1_257_500_r3,47,47,0.0,4.0,2.021102621778049,run1,500,dox
dox,run1_257_untreated_r1,61,61,0.0,4.0,1.9120541396155208,run1,untreated,untreated
dox,run1_257_untreated_r2,88,88,0.0,8.0,1.4186837942758301,run1,untreated,untreated
dox,run1_257_untreated_r3,31,31,0.0,17.0,0.9261283765047902,run1,untreated,untreated
dox,run2_239_500_r1,51,51,0.0,15.0,1.3781221756873476,run2,500,dox
dox,run2_239_500_r2,44,44,0.0,7.5,2.0882753654330974,run2,500,dox
dox,run2_239_500_r3,27,27,0.0,6.0,1.7262340412625086,run2,500,dox
dox,run2_239_PMA_r1,45,45,0.0,14.0,1.306189098643192,run2,PMA,PMA ctrl
dox,run2_239_PMA_r2,27,27,0.0,18.0,1.103794114127438,run2,PMA,PMA ctrl
dox,run2_239_PMA_r3,48,48,0.0,8.5,1.3574141005468037,run2,PMA,PMA ctrl
dox,run2_239_untreated_r1,59,59,0.0,6.0,2.024680841501219,run2,untreated,untreated
dox,run2_239_untreated_r2,17,17,0.0,9.0,1.8676861874267217,run2,untreated,untreated
dox,run2_239_untreated_r3,32,32,0.0,5.5,2.2286614887526626,run2,untreated,untreated
dox,run2_240_100_r1,33,33,0.0,8.0,0.917148043651323,run2,100,dox
dox,run2_240_100_r2,34,34,0.0,4.0,1.5832310721567242,run2,100,dox
dox,run2_240_100_r3,38,38,0.0,6.0,1.2652049753073267,run2,100,dox
dox,run2_240_20_r1,29,29,0.0,12.0,0.743860496754895,run2,20,dox
dox,run2_240_20_r2,44,44,0.0,11.5,1.5748194270671578,run2,20,dox
dox,run2_240_20_r3,21,21,0.0,7.0,1.4358525225341052,run2,20,dox
dox,run2_240_500_r1,51,51,0.0,6.0,1.3144835366419934,run2,500,dox
dox,run2_240_500_r2,36,36,0.0,9.0,1.524900448466068,run2,500,dox
dox,run2_240_500_r3,26,26,0.0,6.5,1.8227116867538777,run2,500,dox
dox,run2_240_untreated_r1,72,72,0.0,9.0,1.8045439802933327,run2,untreated,untreated
dox,run2_240_untreated_r2,30,30,0.0,8.0,1.353030100564883,run2,untreated,untreated
dox,run2_240_untreated_r3,26,26,0.0,12.5,1.1578895001728773,run2,untreated,untreated
dox,run2_255_100_r1,33,33,0.0,7.0,1.6368255489447114,run2,100,dox
dox,run2_255_100_r2,37,37,0.0,13.0,1.498947923927315,run2,100,dox
dox,run2_255_100_r3,25,25,0.0,4.0,1.6237902901400556,run2,100,dox
dox,run2_255_20_r1,20,20,0.0,6.5,1.4886955872712573,run2,20,dox
dox,run2_255_20_r2,55,55,0.0,5.0,2.243111917560971,run2,20,dox
dox,run2_255_20_r3,35,35,0.0,5.0,1.877890443193049,run2,20,dox
dox,run2_255_500_r1,42,42,0.0,5.0,1.6641079321568555,run2,500,dox
dox,run2_255_500_r2,25,25,0.0,6.0,1.7495840559333191,run2,500,dox
dox,run2_255_500_r3,21,21,0.0,6.0,1.8420478295190943,run2,500,dox
dox,run2_255_untreated_r1,56,56,0.0,4.0,2.036363291151763,run2,untreated,untreated
dox,run2_255_untreated_r2,24,24,0.0,7.5,1.7456695312836201,run2,untreated,untreated
dox,run2_255_untreated_r3,37,37,0.0,4.0,2.281174277405416,run2,untreated,untreated
dox,run2_257_100_r1,271,271,0.0,10.0,1.4361222482282925,run2,100,dox
dox,run2_257_100_r2,37,37,0.0,5.0,1.9120073217942433,run2,100,dox
dox,run2_257_100_r3,34,34,0.0,4.0,1.9114718426208392,run2,100,dox
dox,run2_257_20_r1,27,27,0.0,5.0,2.200775077014553,run2,20,dox
dox,run2_257_20_r2,26,26,0.0,8.5,1.4464212083313783,run2,20,dox
dox,run2_257_20_r3,44,44,0.0,3.0,2.5027293680728064,run2,20,dox
dox,run2_257_500_r1,23,23,0.0,8.0,1.5246401149817106,run2,500,dox
dox,run2_257_500_r2,31,31,0.0,5.0,1.835458166290582,run2,500,dox
dox,run2_257_500_r3,33,33,0.0,4.0,2.0026773011101633,run2,500,dox
dox,run2_257_untreated_r1,51,51,0.0,5.0,1.8674721467408983,run2,untreated,untreated
dox,run2_257_untreated_r2,40,40,0.0,5.0,2.294671610475149,run2,untreated,untreated
dox,run2_257_untreated_r3,35,35,0.0,8.0,1.8376998489796017,run2,untreated,untreated
