figure,panel,condition,n_wells,n_cells,arith_mean_um2,arith_sem_um2,rel_motility,rel_motility_sem,cells_hi_um2,cells_lo_um2,cells_hi_lo_ratio,fit_mu_hi_um2,fit_mu_lo_um2,fit_hi_lo_ratio,rho_high_pct,rho_low_pct,rel_overall_geo,rel_high_geo,rel_low_geo,rel_high_fit,rel_low_fit,is_reference,min_n_hi_eff,high_state_reliable
Fig 4b,24h prior,25E4,2,255,274.2,55.4,0.874,0.177,229.7,2.95,77.8,215.7,3.16,68.3,76.5,23.5,0.518,0.978,0.44,0.992,0.403,False,63.5,True
Fig 4b,24h prior,5E5,2,503,313.8,11.1,1.0,0.035,234.9,6.7,35.0,217.4,7.85,27.7,84.9,15.1,1.0,1.0,1.0,1.0,1.0,True,171.8,True
Fig 4b,24h prior,1E6,2,564,360.6,4.4,1.149,0.014,294.8,11.26,26.2,272.6,14.66,18.6,82.8,17.2,1.242,1.255,1.679,1.254,1.869,False,222.7,True
Fig 4b,24h prior,5E5+PMA,2,268,30.6,3.5,0.098,0.011,60.3,3.22,18.7,43.9,3.17,13.8,27.2,72.8,0.054,0.257,0.48,0.202,0.404,False,39.5,True
Fig 4b,in-assay,25E4,2,100,151.4,1.3,0.482,0.004,156.0,2.21,70.6,141.2,2.31,61.2,52.0,48.0,0.162,0.664,0.33,0.65,0.294,False,25.8,True
Fig 4b,in-assay,5E5,2,139,125.5,3.2,0.4,0.01,136.2,1.71,79.6,124.3,1.76,70.4,58.3,41.7,0.153,0.58,0.255,0.572,0.225,False,27.4,True
Fig 4b,in-assay,1E6,2,265,168.9,12.4,0.538,0.039,139.0,1.91,72.6,123.5,1.85,66.9,64.9,35.1,0.237,0.592,0.286,0.568,0.235,False,80.9,True
Fig 4b,in-assay,5E5+PMA,2,156,65.5,14.6,0.209,0.046,77.0,2.12,36.4,36.0,6.58,5.5,54.7,45.3,0.126,0.328,0.315,0.165,0.838,False,23.3,True
Fig 4c,activated · PMA added at 0 h,0 ng/mL,2,326,295.4,36.4,1.0,0.123,266.4,4.66,57.1,249.1,5.17,48.2,72.4,27.6,1.0,1.0,1.0,1.0,1.0,True,106.5,True
Fig 4c,activated · PMA added at 0 h,2 ng/mL,2,291,70.5,9.8,0.239,0.033,100.5,4.05,24.8,90.0,4.33,20.8,41.9,58.1,0.184,0.377,0.869,0.361,0.836,False,53.6,True
Fig 4c,activated · PMA added at 0 h,10 ng/mL,2,243,33.1,7.0,0.112,0.024,48.1,2.62,18.3,41.2,2.86,14.4,35.4,64.6,0.086,0.181,0.563,0.165,0.552,False,35.9,True
Fig 4c,activated · PMA added at 0 h,50 ng/mL,2,253,27.9,8.3,0.094,0.028,51.6,2.96,17.4,38.6,3.06,12.6,28.1,71.9,0.076,0.194,0.636,0.155,0.591,False,35.6,True
Fig 4c,activated · PMA added at −48 h,0 ng/mL,2,225,381.2,43.8,1.0,0.115,272.8,3.87,70.6,259.0,4.77,54.3,81.8,18.2,1.0,1.0,1.0,1.0,1.0,True,87.2,True
Fig 4c,activated · PMA added at −48 h,.08 ng/mL,2,348,189.4,3.6,0.497,0.009,146.9,3.65,40.2,130.6,4.2,31.1,74.4,25.6,0.415,0.539,0.944,0.504,0.88,False,105.2,True
Fig 4c,activated · PMA added at −48 h,.4 ng/mL,2,256,100.6,10.3,0.264,0.027,105.5,2.53,41.7,92.0,2.55,36.1,52.0,48.0,0.131,0.387,0.655,0.355,0.535,False,43.8,True
Fig 4c,activated · PMA added at −48 h,2 ng/mL,2,224,39.8,4.8,0.104,0.013,55.0,2.66,20.7,46.9,2.78,16.9,39.7,60.3,0.067,0.202,0.688,0.181,0.583,False,35.5,True
Fig 4c,naive · PMA added at 0 h,0 ng/mL,2,67,76.5,5.2,1.0,0.069,471.4,2.84,165.9,411.2,2.82,146.0,10.4,89.6,1.0,1.0,1.0,1.0,1.0,True,2.9,False
Fig 4c,naive · PMA added at 0 h,2 ng/mL,2,94,53.6,10.2,0.701,0.133,51.8,2.76,18.7,52.6,3.26,16.1,58.5,41.5,3.118,0.11,0.973,0.128,1.159,False,20.4,True
Fig 4c,naive · PMA added at 0 h,10 ng/mL,2,96,43.2,16.0,0.565,0.209,61.6,1.81,34.1,52.6,1.8,29.2,44.8,55.2,1.671,0.131,0.636,0.128,0.64,False,8.7,False
Fig 4c,naive · PMA added at 0 h,50 ng/mL,2,63,28.6,3.4,0.374,0.045,61.6,2.7,22.8,59.7,3.05,19.6,31.7,68.3,1.491,0.131,0.951,0.145,1.085,False,7.3,False
Fig 4c,naive · PMA added at −48 h,0 ng/mL,2,88,125.6,29.0,1.0,0.231,472.7,2.23,212.4,373.4,2.24,166.6,18.2,81.8,1.0,1.0,1.0,1.0,1.0,True,5.0,False
Fig 4c,naive · PMA added at −48 h,.08 ng/mL,2,110,111.6,40.1,0.888,0.319,173.4,1.77,98.0,162.4,1.77,91.5,38.2,61.8,1.763,0.367,0.795,0.435,0.792,False,16.3,True
Fig 4c,naive · PMA added at −48 h,.4 ng/mL,2,105,188.1,9.9,1.497,0.079,225.2,1.83,123.4,224.0,1.74,129.0,54.3,45.7,4.352,0.476,0.82,0.6,0.775,False,24.1,True
Fig 4c,naive · PMA added at −48 h,2 ng/mL,2,88,206.5,95.6,1.644,0.761,181.8,1.56,116.7,156.5,1.49,104.7,50.0,50.0,2.979,0.385,0.7,0.419,0.667,False,17.1,True
Fig 6b,239 (DRIVER) · run1,untr.,3,588,179.4,43.3,1.0,0.241,158.0,5.97,26.5,142.9,6.84,20.9,77.6,22.4,1.0,1.0,1.0,1.0,1.0,True,37.6,True
Fig 6b,239 (DRIVER) · run1,500,3,194,140.2,27.7,0.781,0.154,111.1,2.84,39.0,98.4,2.78,35.4,62.9,37.1,0.502,0.703,0.477,0.688,0.406,False,31.5,True
Fig 6b,239 (DRIVER) · run1,PMA,2,132,33.1,11.6,0.184,0.064,34.1,2.26,15.1,28.2,2.53,11.1,53.0,47.0,0.153,0.216,0.378,0.197,0.371,False,31.9,True
Fig 6b,239 (DRIVER) · run2,untr.,3,108,230.2,16.1,1.0,0.07,222.4,10.29,21.6,197.3,13.9,14.2,73.6,26.4,1.0,1.0,1.0,1.0,1.0,True,22.9,True
Fig 6b,239 (DRIVER) · run2,500,3,122,146.4,33.3,0.636,0.145,134.6,3.61,37.3,131.2,4.39,29.9,64.8,35.2,0.48,0.605,0.351,0.665,0.316,False,14.7,True
Fig 6b,239 (DRIVER) · run2,PMA,3,120,41.0,10.6,0.178,0.046,44.3,3.78,11.7,36.9,4.58,8.1,59.2,40.8,0.208,0.199,0.367,0.187,0.33,False,16.3,True
Fig 6b,240 · run1,untr.,3,125,227.7,52.2,1.0,0.229,192.3,1.91,100.8,155.5,1.85,83.9,64.0,36.0,1.0,1.0,1.0,1.0,1.0,True,15.7,True
Fig 6b,240 · run1,20,3,172,245.3,29.7,1.077,0.13,213.0,2.0,106.5,179.4,1.78,101.0,65.7,34.3,1.298,1.108,1.048,1.154,0.959,False,26.7,True
Fig 6b,240 · run1,100,3,230,173.6,7.2,0.762,0.032,218.4,2.21,98.9,210.7,2.14,98.4,48.3,51.7,0.565,1.136,1.157,1.355,1.155,False,11.4,True
Fig 6b,240 · run1,500,3,163,187.5,28.0,0.823,0.123,220.8,6.0,36.8,186.8,6.43,29.1,52.8,47.2,1.175,1.149,3.147,1.202,3.47,False,18.4,True
Fig 6b,240 · run2,untr.,3,128,161.9,22.3,1.0,0.138,217.1,3.39,64.1,154.8,2.92,53.0,53.9,46.1,1.0,1.0,1.0,1.0,1.0,True,10.0,True
Fig 6b,240 · run2,20,3,94,109.0,25.6,0.673,0.158,120.7,1.45,83.1,97.3,1.48,66.0,56.2,43.8,0.643,0.556,0.428,0.628,0.505,False,12.5,True
Fig 6b,240 · run2,100,3,105,149.9,32.2,0.926,0.199,122.1,1.34,91.3,106.9,1.49,71.8,57.1,42.9,0.668,0.562,0.395,0.691,0.51,False,15.5,True
Fig 6b,240 · run2,500,3,113,164.5,15.5,1.016,0.096,131.4,1.61,81.5,107.6,1.66,65.0,62.8,37.2,0.994,0.605,0.476,0.695,0.567,False,17.1,True
Fig 6b,255 · run1,untr.,3,134,134.7,23.5,1.0,0.175,125.8,1.68,74.7,121.9,1.63,74.7,63.4,36.6,1.0,1.0,1.0,1.0,1.0,True,15.8,True
Fig 6b,255 · run1,20,3,181,224.3,34.2,1.665,0.254,155.9,2.32,67.3,147.6,2.7,54.8,80.7,19.3,2.878,1.24,1.376,1.211,1.652,False,31.8,True
Fig 6b,255 · run1,100,3,122,214.3,40.8,1.591,0.303,137.5,1.69,81.4,127.6,2.2,58.1,84.4,15.6,2.779,1.093,1.003,1.047,1.347,False,23.9,True
Fig 6b,255 · run1,500,3,88,172.8,50.5,1.283,0.375,170.9,3.4,50.3,121.4,3.48,34.8,62.5,37.5,2.026,1.358,2.019,0.996,2.135,False,12.1,True
Fig 6b,255 · run2,untr.,3,117,253.4,50.9,1.0,0.201,193.5,4.27,45.3,172.9,4.98,34.7,79.6,20.4,1.0,1.0,1.0,1.0,1.0,True,27.9,True
Fig 6b,255 · run2,20,3,110,248.1,29.0,0.979,0.115,191.4,1.78,107.6,170.9,1.99,85.7,76.7,23.3,0.791,0.989,0.417,0.988,0.4,False,23.1,True
Fig 6b,255 · run2,100,3,95,201.3,20.0,0.794,0.079,207.5,3.82,54.3,180.8,3.66,49.4,54.7,45.3,0.543,1.072,0.895,1.045,0.734,False,13.2,True
Fig 6b,255 · run2,500,3,88,245.0,43.1,0.967,0.17,457.5,18.79,24.3,371.5,19.78,18.8,32.8,67.2,0.909,2.365,4.402,2.148,3.968,False,10.4,True
Fig 6b,257 · run1,untr.,3,180,148.4,28.1,1.0,0.189,154.9,1.66,93.1,130.1,1.67,77.7,61.7,38.3,1.0,1.0,1.0,1.0,1.0,True,11.4,True
Fig 6b,257 · run1,20,3,155,225.8,57.2,1.522,0.386,167.3,1.67,100.3,146.2,1.41,103.5,65.2,34.8,1.348,1.08,1.002,1.124,0.843,False,21.6,True
Fig 6b,257 · run1,100,3,192,150.3,8.3,1.013,0.056,148.6,1.99,74.7,125.2,1.92,65.3,62.5,37.5,1.073,0.96,1.197,0.963,1.145,False,20.6,True
Fig 6b,257 · run1,500,3,111,142.2,22.4,0.958,0.151,104.7,1.58,66.4,86.9,1.74,50.0,72.1,27.9,1.262,0.676,0.949,0.668,1.038,False,19.2,True
Fig 6b,257 · run2,untr.,3,126,281.1,50.5,1.0,0.18,186.0,2.56,72.5,167.0,2.72,61.4,78.6,21.4,1.0,1.0,1.0,1.0,1.0,True,24.3,True
Fig 6b,257 · run2,20,3,97,286.0,53.3,1.018,0.189,192.1,1.36,141.4,200.7,1.71,117.2,79.4,20.6,0.824,1.033,0.53,1.202,0.629,False,16.4,True
Fig 6b,257 · run2,100,3,342,145.7,46.6,0.518,0.166,105.6,3.33,31.8,92.4,3.83,24.1,71.9,28.1,0.48,0.568,1.297,0.553,1.408,False,21.2,True
Fig 6b,257 · run2,500,3,87,224.7,21.3,0.8,0.076,233.1,8.07,28.9,191.3,7.46,25.6,60.9,39.1,0.895,1.254,3.148,1.146,2.743,False,17.2,True
