dataset,channel,activation,treatment,dose_label,construct,run,replicate,well,lag_sec,density_plated,n_cells,mu_lo,mu_hi,w_hi,sep,ll,n_lo_eff,n_hi_eff,mean_y,med_y,thr_frac,sigma_bio,converged,weak_low,weak_high,weak_sep,note,sigma_unstable,dose_num,pma_units,arm
density,phase,24h prior,none,1E6,primary,density,2,1E6_24stim_rep2,540.0,1000000.0,285,1.133809064444034,2.404775838236436,0.8415744141562054,1.2709667737924022,-260.8528824009544,45.15127544807142,239.8487245519286,2.227255483930329,2.354151198259823,0.8736842105263158,0.37305070493204634,True,False,False,False,,False,1000000.0,,density|24h prior|none
density,phase,24h prior,none,1E6,primary,density,1,1E6_24stim_replicate1,540.0,1000000.0,279,1.1987130221193811,2.466280687014252,0.7983124887033621,1.2675676648948708,-253.00016553463547,56.27080304426395,222.72919695573603,2.225764312354767,2.3978572032268035,0.8315412186379928,0.37305070493204634,True,False,False,False,,False,1000000.0,,density|24h prior|none
density,phase,in-assay,none,1E6,primary,density,1,1E6_IAStim_rep1,540.0,1000000.0,137,0.5164761181405734,2.1730972693049586,0.5907670499726392,1.6566211511643854,-170.82903791574952,56.064911406798934,80.93508859320106,1.5292063364766357,1.7056648230592324,0.5766423357664233,0.37305070493204634,True,False,False,False,,False,1000000.0,,density|in-assay|none
density,phase,in-assay,none,1E6,primary,density,2,1E6_IAStim_rep2,540.0,1000000.0,128,0.016433797717353156,2.0104093077832355,0.7245572873028194,1.9939755100658823,-171.87332968555904,35.2566633773246,92.7433366226754,1.4837652999492752,1.7488463399430212,0.59375,0.37305070493204634,True,False,False,False,,False,1000000.0,,density|in-assay|none
pma,phase,activated,acute,10ug,primary,pma,1,24stim_PMA_acute_10ug_rep1,540.0,,95,0.3802151765455742,1.4354784986082465,0.37741634709036564,1.0552633220626724,-91.34775046321695,59.145462441866016,35.854537558133984,0.7888861152094531,0.692478602503467,0.23157894736842105,0.37305070493204634,True,False,False,False,,False,10.0,ug/mL,pma|activated|acute
pma,phase,activated,acute,10ug,primary,pma,2,24stim_PMA_acute_10ug_rep2,540.0,,148,0.5310313569489188,1.7938447663403647,0.31602136381783535,1.262813409391446,-158.60711152232375,101.2288526065809,46.7711473934191,0.9549933235292153,0.8468380686570276,0.2635135135135135,0.37305070493204634,True,False,False,False,,False,10.0,ug/mL,pma|activated|acute
pma,phase,activated,acute,2ug,primary,pma,1,24stim_PMA_acute_2ug_rep1,540.0,,170,0.7989250831425667,2.020049374392031,0.3996888857971481,1.2211242912494642,-201.06184233562442,102.0529157800891,67.9470842199109,1.2935529601653162,1.281773447724099,0.4235294117647059,0.37305070493204634,True,False,False,False,,False,2.0,ug/mL,pma|activated|acute
pma,phase,activated,acute,2ug,primary,pma,2,24stim_PMA_acute_2ug_rep2,540.0,,121,0.4734135535236323,1.8881580866802308,0.4426578613343599,1.4147445331565984,-139.92505193012175,67.43840608798956,53.56159391201044,1.1092204199247986,0.9956985305718377,0.38016528925619836,0.37305070493204634,True,False,False,False,,False,2.0,ug/mL,pma|activated|acute
pma,phase,activated,acute,50ug,primary,pma,1,24stim_PMA_acute_50ug_rep1,540.0,,126,0.47229575235948507,1.72235167056119,0.2824093451771826,1.250055918201705,-122.06355238877183,90.41643427915537,35.58356572084461,0.8501111782562315,0.6944535990528256,0.2222222222222222,0.37305070493204634,True,False,False,False,,False,50.0,ug/mL,pma|activated|acute
pma,phase,activated,acute,50ug,primary,pma,2,24stim_PMA_acute_50ug_rep2,540.0,,127,0.4983768815436999,1.4500773144579218,0.3032406591735909,0.9517004329142218,-115.14517616328258,88.48845934216241,38.51154065783758,0.7844624023576482,0.6725314838454098,0.15748031496062992,0.37305070493204634,True,False,False,False,,False,50.0,ug/mL,pma|activated|acute
pma,phase,activated,acute,NoPMA,primary,pma,1,24stim_PMA_acute_NoPMA_rep1,540.0,,174,0.7830122766213461,2.4336896721990837,0.7509752376737548,1.6506773955777376,-202.27808125939248,43.33030291310311,130.66969708689692,2.0337453623886947,2.326141641605677,0.764367816091954,0.37305070493204634,True,False,False,False,,False,0.0,ug/mL,pma|activated|acute
pma,phase,activated,acute,NoPMA,primary,pma,2,24stim_PMA_acute_NoPMA_rep2,540.0,,152,0.6444139720495861,2.359190350407965,0.7009635756862508,1.7147763783583791,-182.32755824227996,45.45353183071536,106.54646816928464,1.8410359243342918,2.132771191620895,0.6973684210526315,0.37305070493204634,True,False,False,False,,False,0.0,ug/mL,pma|activated|acute
pma,phase,activated,chronic,.08,primary,pma,1,24stim_PMA_chron_.08_rep1,540.0,,190,0.8159569705678081,2.101813910011794,0.7966330436978667,1.2858569394439856,-193.4982463414549,38.639705513265625,151.36029448673438,1.8752980374605823,2.0287831762805464,0.7631578947368421,0.37305070493204634,True,False,False,False,,False,0.08,ng/mL,pma|activated|chronic
pma,phase,activated,chronic,.08,primary,pma,2,24stim_PMA_chron_.08_rep2,540.0,,158,0.43076701779569193,2.1298705110597536,0.6659593820108695,1.6991034932640616,-208.98789235183142,52.7784133284668,105.2215866715332,1.5876428095171635,1.745142421011876,0.620253164556962,0.37305070493204634,True,False,False,False,,False,0.08,ng/mL,pma|activated|chronic
pma,phase,activated,chronic,.4,primary,pma,1,24stim_PMA_chron_.4_rep1,540.0,,105,0.5249796279835718,1.9364526286704753,0.4172355719097311,1.4114730006869034,-135.67503655820235,61.19027872250163,43.80972127749837,1.1377964290863327,1.0674184502343145,0.38095238095238093,0.37305070493204634,True,False,False,False,,False,0.4,ng/mL,pma|activated|chronic
pma,phase,activated,chronic,.4,primary,pma,2,24stim_PMA_chron_.4_rep2,540.0,,151,0.2887299572189939,1.9914120892863116,0.5924311817586251,1.7026821320673178,-200.03127439794838,61.542884200447034,89.45711579955297,1.3213209852926957,1.415270020868319,0.5033112582781457,0.37305070493204634,True,False,False,False,,False,0.4,ng/mL,pma|activated|chronic
pma,phase,activated,chronic,2,primary,pma,1,24stim_PMA_chron_2_rep1,540.0,,124,0.47052797410817976,1.706619321257875,0.4346874703673566,1.2360913471496953,-132.34352441187062,70.09876542008566,53.90123457991432,1.0283492651204695,0.9535032288511195,0.3629032258064516,0.37305070493204634,True,False,False,False,,False,2.0,ng/mL,pma|activated|chronic
pma,phase,activated,chronic,2,primary,pma,2,24stim_PMA_chron_2_rep2,540.0,,100,0.4180346843676103,1.6366047629120846,0.35532873009334326,1.2185700785444742,-111.98227637985705,64.46714432304628,35.53285567695373,0.8552940322392637,0.795810036992251,0.24,0.37305070493204634,True,False,False,False,,False,2.0,ng/mL,pma|activated|chronic
pma,phase,activated,chronic,NoPMA,primary,pma,1,24stim_PMA_chron_NoPMA_rep1,540.0,,122,0.8010970931445988,2.3904144813031643,0.7759049592353044,1.5893173881585656,-133.77256917784402,27.339588132687,94.66041186731302,2.0504862415716887,2.285946909729116,0.7786885245901639,0.37305070493204634,True,False,False,False,,False,0.0,ng/mL,pma|activated|chronic
pma,phase,activated,chronic,NoPMA,primary,pma,2,24stim_PMA_chron_NoPMA_rep2,540.0,,103,0.5566730503571371,2.4362578712538747,0.8463828944826436,1.8795848208967376,-118.05311449544008,15.822556151145067,87.17744384885495,2.177242648401533,2.4541333033343693,0.8446601941747572,0.37305070493204634,True,False,False,False,,False,0.0,ng/mL,pma|activated|chronic
density,phase,24h prior,none,25E4,primary,density,1,25E4_24stim_rep1,540.0,250000.0,102,0.2546954505031279,2.2846744894650732,0.6225531303352512,2.029979038961945,-135.13006058936188,38.499579911330805,63.50042008866919,1.5350432969985006,1.8858557255197526,0.6078431372549019,0.37305070493204634,True,False,False,False,,False,250000.0,,density|24h prior|none
density,phase,24h prior,none,25E4,primary,density,2,25E4_24stim_rep2,540.0,250000.0,153,0.7444478873577892,2.3829707446931794,0.860121786316622,1.6385228573353903,-147.28875817252708,21.401360026837825,131.59863997316216,2.1592988893785607,2.4076486836167965,0.8562091503267973,0.37305070493204634,True,False,False,False,,False,250000.0,,density|24h prior|none
density,phase,in-assay,none,25E4,primary,density,1,25E4_IAStim_rep1,540.0,250000.0,56,0.8544381648561558,2.2754893113188803,0.47521726402444575,1.4210511464627245,-61.01721997085746,29.387836066588996,26.612163933411004,1.5218853728797443,1.5158340434144235,0.5178571428571429,0.37305070493204634,True,False,False,False,,False,250000.0,,density|in-assay|none
density,phase,in-assay,none,25E4,primary,density,2,25E4_IAStim_rep2,540.0,250000.0,44,-0.1287170253252443,2.024397927785645,0.5855542460530072,2.1531149531108893,-60.17528760198294,18.23561304001514,25.76438695998486,1.1610615682185346,1.3274310012259773,0.4772727272727273,0.37305070493204634,True,False,False,False,,False,250000.0,,density|in-assay|none
density,phase,24h prior,none,5E5,primary,density,1,5E5_24stim_rep1,540.0,500000.0,217,1.013474700839146,2.3447312987469777,0.7918974508140377,1.3312565979078317,-222.33854986994706,45.15823753191546,171.84176246808454,2.078363857554592,2.2315259801177016,0.8018433179723502,0.37305070493204634,True,False,False,False,,False,500000.0,,density|24h prior|none
density,phase,24h prior,none,5E5,primary,density,2,5E5_24stim_rep2,540.0,500000.0,286,0.7759487122990181,2.3296171233532834,0.8999935716421037,1.5536684110542653,-260.3105685679616,28.601826105928417,257.39817389407153,2.186739558005521,2.363584994235259,0.8706293706293706,0.37305070493204634,True,False,False,False,,False,500000.0,,density|24h prior|none
density,phase,in-assay,none,5E5,primary,density,1,5E5_IAStim_rep1,540.0,500000.0,56,0.4294477025794629,2.1871003647892677,0.4897732146729728,1.7576526622098048,-62.36760109806018,28.572700293329028,27.42729970667097,1.2932045659409295,1.2058394579593155,0.48214285714285715,0.37305070493204634,True,False,False,False,,False,500000.0,,density|in-assay|none
density,phase,in-assay,none,5E5,primary,density,2,5E5_IAStim_rep2,540.0,500000.0,83,0.0637683984570958,2.001510093240198,0.6529329141364026,1.937741694783102,-105.3175495080288,28.80656710186981,54.19343289813018,1.3433006736764377,1.6164079720151479,0.5662650602409639,0.37305070493204634,True,False,False,False,,False,500000.0,,density|in-assay|none
pma,phase,naive,acute,10ug,primary,pma,1,Naive_PMA_acute_10ug_rep1,540.0,,34,0.48136158994501255,1.6687448382093357,0.25623280960260963,1.1873832482643232,-29.309528156457556,25.288089287978647,8.711910712021353,0.7978920904372068,0.5415583600541894,0.20588235294117646,0.37305070493204634,True,False,False,False,,False,10.0,ug/mL,pma|naive|acute
pma,phase,naive,acute,10ug,primary,pma,2,Naive_PMA_acute_10ug_rep2,540.0,,62,0.030715634070368477,1.7734149090864575,0.5685259487575769,1.742699275016089,-80.5450590103993,26.7513879311215,35.24861206887851,1.0333719842172744,1.153460269800726,0.41935483870967744,0.37305070493204634,True,False,False,False,,False,10.0,ug/mL,pma|naive|acute
pma,phase,naive,acute,2ug,primary,pma,1,Naive_PMA_acute_2ug_rep1,540.0,,40,0.6672560821643854,1.6566981217417371,0.5108351968521341,0.9894420395773518,-37.274016899977426,19.566580328032238,20.433419671967762,1.1684207400242905,1.289989358396877,0.35,0.37305070493204634,True,False,False,False,,False,2.0,ug/mL,pma|naive|acute
pma,phase,naive,acute,2ug,primary,pma,2,Naive_PMA_acute_2ug_rep2,540.0,,54,0.3599640585118758,1.7847474631543354,0.585489437772933,1.4247834046424597,-58.48000529138528,22.383567597184367,31.616432402815633,1.2045043996484825,1.3256550810368677,0.4444444444444444,0.37305070493204634,True,False,False,False,,False,2.0,ug/mL,pma|naive|acute
pma,phase,naive,acute,50ug,primary,pma,1,Naive_PMA_acute_50ug_rep1,540.0,,31,0.7194009564413295,1.9176914719207756,0.23658637952322964,1.198290515479446,-24.249683418945192,23.66582464494146,7.334175355058539,1.0091534380733913,0.780517927232077,0.25806451612903225,0.37305070493204634,True,False,False,False,,False,50.0,ug/mL,pma|naive|acute
pma,phase,naive,acute,50ug,primary,pma,2,Naive_PMA_acute_50ug_rep2,540.0,,32,0.25034761208475076,1.6344103039879632,0.3457889844235419,1.3840626919032124,-30.28849890082133,20.934753961240826,11.065246038759174,0.723016211219205,0.37039606182998086,0.21875,0.37305070493204634,True,False,False,False,,False,50.0,ug/mL,pma|naive|acute
pma,phase,naive,acute,NoPMA,primary,pma,1,Naive_PMA_acute_NoPMA_rep1,540.0,,25,0.5219203296658113,2.7118963206828943,0.11661111985337418,2.189975991017083,-13.066253011140148,22.08472200607774,2.9152779939222597,0.7885475257578086,0.5052063714459304,0.12,0.37305070493204634,True,False,True,False,,False,0.0,ug/mL,pma|naive|acute
pma,phase,naive,acute,NoPMA,primary,pma,2,Naive_PMA_acute_NoPMA_rep2,540.0,,42,0.377363763534955,2.516172091175166,0.10174412218003996,2.138808327640211,-23.436775085758846,37.72674754572869,4.273252454271304,0.5966641221448387,0.3365081070642727,0.11904761904761904,0.37305070493204634,True,False,True,False,,False,0.0,ug/mL,pma|naive|acute
pma,phase,naive,chronic,.08,primary,pma,1,Naive_PMA_chron_.08_rep1,540.0,,59,0.3128336907338597,2.2477005811067645,0.4379658650443867,1.9348668903729047,-71.63410037184758,33.160014892403005,25.839985107597,1.1738544028474827,0.8549539066437007,0.423728813559322,0.37305070493204634,True,False,False,False,,False,0.08,ng/mL,pma|naive|chronic
pma,phase,naive,chronic,.08,primary,pma,2,Naive_PMA_chron_.08_rep2,540.0,,51,0.18536568696440595,2.1735161355981725,0.318755637025903,1.9881504486337664,-59.223939383334525,34.74346299294785,16.256537007052152,0.8213352844445748,0.5502109640854469,0.3137254901960784,0.37305070493204634,True,False,False,False,,False,0.08,ng/mL,pma|naive|chronic
pma,phase,naive,chronic,.4,primary,pma,1,Naive_PMA_chron_.4_rep1,540.0,,59,0.3291743266513123,2.3052187888897446,0.5507406853446979,1.9760444622384323,-73.53613840029867,26.50629844472112,32.493701555278875,1.436072105631009,1.5334672332020143,0.5423728813559322,0.37305070493204634,True,False,False,False,,False,0.4,ng/mL,pma|naive|chronic
pma,phase,naive,chronic,.4,primary,pma,2,Naive_PMA_chron_.4_rep2,540.0,,46,0.1499731573011264,2.3952883209779015,0.5242487948293705,2.245315163676775,-51.471134855848234,21.884555243120065,24.115444756879935,1.3441528651334258,1.554216770553775,0.5217391304347826,0.37305070493204634,True,False,False,False,,False,0.4,ng/mL,pma|naive|chronic
pma,phase,naive,chronic,2,primary,pma,1,Naive_PMA_chron_2_rep1,540.0,,38,0.37366324367016324,2.1840470899212217,0.44963138611430714,1.8103838462510584,-40.983986249869766,20.91400836774513,17.08599163225487,1.2033351805814618,0.93213865070754,0.42105263157894735,0.37305070493204634,True,False,False,False,,False,2.0,ng/mL,pma|naive|chronic
pma,phase,naive,chronic,2,primary,pma,2,Naive_PMA_chron_2_rep2,540.0,,50,-0.024458824346161062,2.2048878182352003,0.5452151876520087,2.2293466425813615,-74.16601111401533,22.739239925480067,27.260760074519933,1.2475298469764375,1.341808966196373,0.46,0.37305070493204634,True,False,False,False,,False,2.0,ng/mL,pma|naive|chronic
pma,phase,naive,chronic,NoPMA,primary,pma,1,Naive_PMA_chron_NoPMA_rep1,540.0,,33,0.3107294779856222,2.805433513143999,0.1514265450672897,2.494704035158377,-25.350781875764802,28.002924012812716,4.997075987187283,0.7042014196988444,0.20031455235692933,0.15151515151515152,0.37305070493204634,True,False,True,False,,False,0.0,ng/mL,pma|naive|chronic
pma,phase,naive,chronic,NoPMA,primary,pma,2,Naive_PMA_chron_NoPMA_rep2,540.0,,55,0.3901736351862659,2.338859454435799,0.20366115141424843,1.948685819249533,-46.95441779945159,43.798636866531034,11.201363133468968,0.7985833411103339,0.3842619153115104,0.2,0.37305070493204634,True,False,False,False,,False,0.0,ng/mL,pma|naive|chronic
density,phase,24h prior,PMA,PMA,primary,density,1,PMA_5E5_24stim_Rep1,540.0,500000.0,158,0.4881219756589492,1.6475379379623782,0.24980470841562444,1.159415962303429,-153.03849239639365,118.5308748987571,39.46912510124288,0.7767450040223997,0.6857708288767772,0.189873417721519,0.37305070493204634,True,False,False,False,,False,,,density|24h prior|PMA
density,phase,24h prior,PMA,PMA,primary,density,2,PMA_5E5_24stim_Rep2,540.0,500000.0,110,0.5149435039234319,1.636565863676973,0.3810845131403309,1.121622359753541,-118.17105474414737,68.08072723005658,41.91927276994343,0.9536214986526848,0.954605170514786,0.2636363636363636,0.37305070493204634,True,False,False,False,,False,,,density|24h prior|PMA
density,phase,in-assay,PMA,PMA,primary,density,1,PMA_5E5_IAStim_rep1,540.0,500000.0,70,1.2748264247633936,1.2748508829369591,0.3321842353086222,2.4458173565555796e-05,-43.63944356417927,46.74710352873599,23.25289647126401,1.2871359251194656,1.1819240295251823,0.3,0.37305070493204634,True,False,False,True,,False,,,density|in-assay|PMA
density,phase,in-assay,PMA,PMA,primary,density,2,PMA_5E5_IAStim_rep2,540.0,500000.0,86,0.3609725875577747,1.8367330355100646,0.5494965912068149,1.4757604479522899,-107.71167486467702,38.74328658705958,47.25671341294042,1.1784206030696631,1.3694726575024763,0.4883720930232558,0.37305070493204634,True,False,False,False,,False,,,density|in-assay|PMA
dox,GFP,activated,run1,500,239,run1,1,run1_239_500_r1,600.0,,57,0.412616679023948,1.963374439083151,0.6377565694385977,1.5507577600592028,-71.12269751572346,20.647869303101608,36.35213069689839,1.4838229229180853,1.5065035982245865,0.5614035087719298,0.30947326629309,True,False,False,False,,False,500.0,,dox|activated|run1
dox,GFP,activated,run1,500,239,run1,2,run1_239_500_r2,600.0,,43,0.35519552152585065,2.092126978990846,0.7316867889449565,1.7369314574649954,-53.47093196313136,11.537464906734897,31.462535093265107,1.666086844651302,1.6956365188561446,0.6744186046511628,0.30947326629309,True,False,False,False,,False,500.0,,dox|activated|run1
dox,GFP,activated,run1,500,239,run1,3,run1_239_500_r3,600.0,,94,0.5624691904715711,1.9235248303412085,0.5355433540293953,1.3610556398696374,-105.02610888795411,43.65891863097596,50.34108136902403,1.349638084314308,1.4255350669511875,0.5106382978723404,0.30947326629309,True,False,False,False,,False,500.0,,dox|activated|run1
dox,GFP,activated,run1,PMA,239,run1,1,run1_239_PMA_r1,600.0,,65,0.3561091676233106,1.5757973169312995,0.563301422823161,1.219688149307989,-73.60280849666248,28.38539515530614,36.614604844693865,1.0583091156332336,1.108612816304095,0.36923076923076925,0.30947326629309,True,False,False,False,,False,,,dox|activated|run1
dox,GFP,activated,run1,PMA,239,run1,3,run1_239_PMA_r3,600.0,,67,0.4514162629352021,1.3237840195595432,0.4767210320207941,0.8723677566243411,-59.76902788818601,35.05970775235459,31.94029224764541,0.9109746584345132,0.8645895631206426,0.23880597014925373,0.30947326629309,True,False,False,False,,False,,,dox|activated|run1
dox,GFP,activated,run1,untreated,239,run1,1,run1_239_untreated_r1,600.0,,63,0.5826339574319349,2.003311007673023,0.5965371553394923,1.4206770502410881,-74.1884215078895,25.418150271737247,37.58184972826276,1.431337203024862,1.4601699519857838,0.5714285714285714,0.30947326629309,True,False,False,False,,False,0.0,,dox|activated|run1
dox,GFP,activated,run1,untreated,239,run1,2,run1_239_untreated_r2,600.0,,216,1.0558170627931225,2.2529531572567376,0.5829513572048365,1.1971360944636151,-226.8244908749718,90.08248878548946,125.91751121451054,1.802927650567693,1.8998056504944363,0.6527777777777778,0.30947326629309,True,False,False,False,,False,0.0,,dox|activated|run1
dox,GFP,activated,run1,untreated,239,run1,3,run1_239_untreated_r3,600.0,,309,0.866038582962059,2.2091658742991833,0.948613720794258,1.3431272913371242,-235.26048300664098,15.878351273462707,293.1216487265373,2.1632506711807706,2.2507649838011368,0.9223300970873787,0.30947326629309,True,False,False,False,,False,0.0,,dox|activated|run1
dox,GFP,activated,run1,100,240,run1,1,run1_240_100_r1,600.0,,100,0.29342670330304277,2.2648953716315914,0.5052217748791435,1.9714686683285487,-123.16125555327316,49.47781913662682,50.52218086337318,1.3359164100715535,1.349362062550462,0.47,0.30947326629309,True,False,False,False,,False,100.0,,dox|activated|run1
dox,GFP,activated,run1,100,240,run1,2,run1_240_100_r2,600.0,,99,0.34780689075712695,2.291647864075626,0.4612763712881218,1.943840973318499,-125.07412983037877,53.33364253002923,45.66635746997077,1.2993753395758558,1.064089702936251,0.4444444444444444,0.30947326629309,True,False,False,False,,False,100.0,,dox|activated|run1
dox,GFP,activated,run1,100,240,run1,3,run1_240_100_r3,600.0,,31,0.3506204473417004,2.4143814820924185,0.3682450247501236,2.0637610347507183,-32.95903757798826,19.58440497076584,11.415595029234161,1.1476143131676102,0.49039508125394154,0.3870967741935484,0.30947326629309,True,False,False,False,,False,100.0,,dox|activated|run1
dox,GFP,activated,run1,20,240,run1,1,run1_240_20_r1,600.0,,60,0.18202885586045695,2.1015007298935684,0.6807811819774929,1.9194718740331114,-82.86435608441107,19.153128615204118,40.84687138479588,1.5735942670029814,1.6741235345351362,0.6333333333333333,0.30947326629309,True,False,False,False,,False,20.0,,dox|activated|run1
dox,GFP,activated,run1,20,240,run1,2,run1_240_20_r2,600.0,,67,0.08439886584419166,2.1584800817903784,0.6961246197219135,2.0740812159461868,-91.08387774209197,20.35964800280799,46.64035199719202,1.5762380296413079,1.9508263452620522,0.6268656716417911,0.30947326629309,True,False,False,False,,False,20.0,,dox|activated|run1
dox,GFP,activated,run1,20,240,run1,3,run1_240_20_r3,600.0,,45,0.48242635454927113,2.5014809861026075,0.5929020207132835,2.0190546315533364,-54.61650459962829,18.319407348003196,26.6805926519968,1.7154516609218986,2.030446179707595,0.6222222222222222,0.30947326629309,True,False,False,False,,False,20.0,,dox|activated|run1
dox,GFP,activated,run1,500,240,run1,1,run1_240_500_r1,600.0,,77,0.8614675206516564,2.3053261804395415,0.5774274566795345,1.443858659787885,-95.51718381176283,32.538077852627076,44.46192214737292,1.7455137584519658,1.9066221772067107,0.6233766233766234,0.30947326629309,True,False,False,False,,False,500.0,,dox|activated|run1
dox,GFP,activated,run1,500,240,run1,2,run1_240_500_r2,600.0,,47,0.838984695677636,2.180195345980401,0.4240578355145168,1.3412106503027652,-56.09841627251264,27.069288962997646,19.93071103700235,1.44798302024066,1.2947230863230446,0.46808510638297873,0.30947326629309,True,False,False,False,,False,500.0,,dox|activated|run1
dox,GFP,activated,run1,500,240,run1,3,run1_240_500_r3,600.0,,39,0.7243969417055397,2.3288584948270987,0.4719920914584209,1.604461553121559,-43.0368918925949,20.592309093150362,18.407690906849638,1.5426125166069347,1.323617595040919,0.48717948717948717,0.30947326629309,True,False,False,False,,False,500.0,,dox|activated|run1
dox,GFP,activated,run1,untreated,240,run1,1,run1_240_untreated_r1,600.0,,65,0.23220165125222764,2.0738575114082205,0.7009735509567502,1.841655860155993,-74.16568893588513,19.436718745286875,45.563281254713125,1.5731343199706054,1.818516202741714,0.6615384615384615,0.30947326629309,True,False,False,False,,False,0.0,,dox|activated|run1
dox,GFP,activated,run1,untreated,240,run1,2,run1_240_untreated_r2,600.0,,34,0.28403101300173106,2.4336698704178787,0.5423985446180991,2.149638857416148,-41.81169012711146,15.558448768612795,18.441551231387212,1.5209071205523976,1.8437323115328104,0.5294117647058824,0.30947326629309,True,False,False,False,,False,0.0,,dox|activated|run1
dox,GFP,activated,run1,untreated,240,run1,3,run1_240_untreated_r3,600.0,,26,0.2875738626431893,2.0674284407759935,0.6055873713109788,1.7798545781328041,-29.61105680784195,10.254728250734903,15.745271749265097,1.431745772456364,1.6040744502135813,0.5769230769230769,0.30947326629309,True,False,False,False,,False,0.0,,dox|activated|run1
dox,GFP,activated,run1,100,255,run1,1,run1_255_100_r1,600.0,,52,0.6920542820124237,1.9164219588612088,0.864103247191393,1.224367676848785,-49.55255979289963,7.066623041498964,44.933376958501036,1.8009220365404985,1.9243535483053016,0.75,0.30947326629309,True,False,False,False,,False,100.0,,dox|activated|run1
dox,GFP,activated,run1,100,255,run1,2,run1_255_100_r2,600.0,,32,-0.03657015343694853,2.133228495366244,0.7481911925611195,2.1697986488031926,-36.54606951380428,8.057881357009872,23.942118642990128,1.6179322005702255,2.0839511171828002,0.6875,0.30947326629309,True,False,False,False,,False,100.0,,dox|activated|run1
dox,GFP,activated,run1,100,255,run1,3,run1_255_100_r3,600.0,,38,0.37043623655209645,2.2677835578563714,0.8590607064412301,1.897347321304275,-42.006213373837056,5.355692026734153,32.644307973265846,2.0070790961060894,2.2349091187610006,0.8421052631578947,0.30947326629309,True,False,False,False,,False,100.0,,dox|activated|run1
dox,GFP,activated,run1,20,255,run1,1,run1_255_20_r1,600.0,,80,0.2310917026086807,2.0631791600967713,0.8317078516872207,1.8320874574880905,-82.0997037959125,13.46337096107874,66.53662903892126,1.7850974444842862,2.0002107599834766,0.8,0.30947326629309,True,False,False,False,,False,20.0,,dox|activated|run1
dox,GFP,activated,run1,20,255,run1,2,run1_255_20_r2,600.0,,45,0.49206659021397303,2.215571756307373,0.7075227513081249,1.7235051660933998,-54.254248032654395,13.161472974737755,31.83852702526224,1.738342808748029,1.9115018559763237,0.6444444444444445,0.30947326629309,True,False,False,False,,False,20.0,,dox|activated|run1
dox,GFP,activated,run1,20,255,run1,3,run1_255_20_r3,600.0,,56,0.5690143351193832,2.2285765482521116,0.8167340807203287,1.6595622131327286,-60.401250177581204,10.262890892545908,45.737109107454096,1.9478541887040544,2.102412703401258,0.8035714285714286,0.30947326629309,True,False,False,False,,False,20.0,,dox|activated|run1
dox,GFP,activated,run1,500,255,run1,1,run1_255_500_r1,600.0,,30,0.7087282781173405,1.9357463041951974,0.4041561287825866,1.227018026077857,-34.470905839033314,17.875321399770232,12.124678600229768,1.2686443556103586,1.0674411102061665,0.36666666666666664,0.30947326629309,True,False,False,False,,False,500.0,,dox|activated|run1
dox,GFP,activated,run1,500,255,run1,2,run1_255_500_r2,600.0,,26,-0.10315518099171207,2.2396987446125234,0.8450871019214946,2.3428539256042353,-27.372282747018094,4.02773534883214,21.97226465116786,1.9510623956060376,2.3316813367471756,0.8076923076923077,0.30947326629309,True,True,False,False,,False,500.0,,dox|activated|run1
dox,GFP,activated,run1,500,255,run1,3,run1_255_500_r3,600.0,,32,1.0208638966811971,2.0771581434000876,0.6904839027658507,1.0562942467188905,-29.95185220863575,9.904508069080196,22.095491930919806,1.79409264599931,1.9289793850988504,0.6875,0.30947326629309,True,False,False,False,,False,500.0,,dox|activated|run1
dox,GFP,activated,run1,untreated,255,run1,1,run1_255_untreated_r1,600.0,,30,-0.0017718548806018024,1.96952061070933,0.5262332068702136,1.9712924655899318,-34.13768444731753,14.213002801567267,15.786997198432731,1.0586416000803336,1.0755051454845512,0.43333333333333335,0.30947326629309,True,False,False,False,,False,0.0,,dox|activated|run1
dox,GFP,activated,run1,untreated,255,run1,2,run1_255_untreated_r2,600.0,,68,-0.06709679000975974,1.9886649753876586,0.7273111671699857,2.0557617653974183,-88.08248004505464,18.542840416826042,49.45715958317397,1.467785942500294,1.6954361209506599,0.5882352941176471,0.30947326629309,True,False,False,False,,False,0.0,,dox|activated|run1
dox,GFP,activated,run1,untreated,255,run1,3,run1_255_untreated_r3,600.0,,36,0.7069098835802068,2.2996720246502735,0.5256662029955783,1.5927621410700668,-41.49762527130041,17.076013969111486,18.923986030888518,1.56773676381817,1.7194450427942765,0.5277777777777778,0.30947326629309,True,False,False,False,,False,0.0,,dox|activated|run1
dox,GFP,activated,run1,100,257,run1,1,run1_257_100_r1,600.0,,111,0.32370666258696507,2.0545953465514195,0.678436213098071,1.7308886839644544,-149.29243285259264,35.69357213155502,75.30642786844498,1.5649050851131898,1.828547909811289,0.5945945945945946,0.30947326629309,True,False,False,False,,False,100.0,,dox|activated|run1
dox,GFP,activated,run1,100,257,run1,2,run1_257_100_r2,600.0,,44,-0.10370061822770435,2.0411009042553427,0.5783195704270312,2.1448015224830472,-63.2369810169238,18.55393583207595,25.446064167924046,1.1793821755891352,1.4911829770998244,0.5227272727272727,0.30947326629309,True,False,False,False,,False,100.0,,dox|activated|run1
dox,GFP,activated,run1,100,257,run1,3,run1_257_100_r3,600.0,,37,0.6285805050721655,2.197195406045202,0.5578340599262848,1.5686149009730368,-41.8834231127208,16.36013683764996,20.639863162350046,1.5275159800280256,1.734230399847366,0.5405405405405406,0.30947326629309,True,False,False,False,,False,100.0,,dox|activated|run1
dox,GFP,activated,run1,20,257,run1,1,run1_257_20_r1,600.0,,66,0.05969884862144271,2.329780759448991,0.6812306480243631,2.2700819108275483,-99.75359381631442,21.038775180069766,44.96122481993022,1.6941771347611445,2.1013782241514085,0.6363636363636364,0.30947326629309,True,False,False,False,,False,20.0,,dox|activated|run1
dox,GFP,activated,run1,20,257,run1,2,run1_257_20_r2,600.0,,51,-0.13065110229168192,2.0733592629133133,0.6794739432144024,2.2040103652049954,-74.98305229660292,16.34682827530012,34.653171724699874,1.4268800164017374,1.5681213167766974,0.5490196078431373,0.30947326629309,True,False,False,False,,False,20.0,,dox|activated|run1
dox,GFP,activated,run1,20,257,run1,3,run1_257_20_r3,600.0,,38,0.520847179921363,2.0919757199844797,0.5685020148199642,1.5711285400631168,-45.67041861146321,16.396920288576577,21.603079711423426,1.4473036795424399,1.5755568493707375,0.5526315789473685,0.30947326629309,True,False,False,False,,False,20.0,,dox|activated|run1
dox,GFP,activated,run1,500,257,run1,1,run1_257_500_r1,600.0,,36,-0.022455681225010318,1.8488946318762156,0.6905269789968921,1.871350313101226,-50.331602761126994,11.141027448633471,24.858972551366524,1.3935807538169924,1.548178186032864,0.5555555555555556,0.30947326629309,True,False,False,False,,False,500.0,,dox|activated|run1
dox,GFP,activated,run1,500,257,run1,2,run1_257_500_r2,600.0,,28,-0.18870257186399203,1.8121354830678502,0.6840072586516157,2.000838054931842,-33.52103738103301,8.847796681803764,19.152203318196232,1.2466497971011083,1.3981803488173308,0.5,0.30947326629309,True,False,False,False,,False,500.0,,dox|activated|run1
dox,GFP,activated,run1,500,257,run1,3,run1_257_500_r3,600.0,,47,0.9317806278611472,2.156572086397909,0.6969213556191484,1.2247914585367616,-47.67360109276036,14.24469085354156,32.75530914645844,1.8420906807758741,2.021102621778049,0.723404255319149,0.30947326629309,True,False,False,False,,False,500.0,,dox|activated|run1
dox,GFP,activated,run1,untreated,257,run1,1,run1_257_untreated_r1,600.0,,61,-0.17870231322643895,2.1533808964185703,0.7516660647816933,2.3320832096450093,-72.14130990799892,15.148369985860224,45.85163001413978,1.6133436244264798,1.9120541396155208,0.7049180327868853,0.30947326629309,True,False,False,False,,False,0.0,,dox|activated|run1
dox,GFP,activated,run1,untreated,257,run1,2,run1_257_untreated_r2,600.0,,88,0.1158189065209205,1.9277260659271716,0.608406202097434,1.811907159406251,-98.31613567285956,34.460254020881855,53.53974597911814,1.266209039014098,1.4186837942758301,0.5340909090909091,0.30947326629309,True,False,False,False,,False,0.0,,dox|activated|run1
dox,GFP,activated,run1,untreated,257,run1,3,run1_257_untreated_r3,600.0,,31,0.7347501299581662,2.261444800497496,0.368307752828849,1.5266946705393296,-32.7386604058667,19.582460413232653,11.41753958676734,1.2998601098677935,0.9261283765047902,0.41935483870967744,0.30947326629309,True,False,False,False,,False,0.0,,dox|activated|run1
dox,GFP,activated,run2,500,239,run2,1,run2_239_500_r1,600.0,,51,0.6041037099674882,1.8128325683629698,0.5971217265353631,1.2087288583954816,-55.25781184320516,20.546782556134115,30.45321744386588,1.3597375559098706,1.3781221756873476,0.49019607843137253,0.30947326629309,True,False,False,False,,False,500.0,,dox|activated|run2
dox,GFP,activated,run2,500,239,run2,2,run2_239_500_r2,600.0,,44,0.3595054203620795,2.2210237237332757,0.6698132089458065,1.8615183033711962,-54.69449350027702,14.528216781053935,29.471783218946065,1.6137759555481528,2.0882753654330974,0.6136363636363636,0.30947326629309,True,False,False,False,,False,500.0,,dox|activated|run2
dox,GFP,activated,run2,500,239,run2,3,run2_239_500_r3,600.0,,27,0.9652522313598718,2.3200507950523255,0.5432734194707022,1.3547985636924538,-29.61505457524351,12.331613915760373,14.668386084239629,1.734397498076767,1.7262340412625086,0.6296296296296297,0.30947326629309,True,False,False,False,,False,500.0,,dox|activated|run2
dox,GFP,activated,run2,PMA,239,run2,1,run2_239_PMA_r1,600.0,,45,0.8973698794457844,1.5592349777964118,0.6865631002727616,0.6618650983506275,-35.888791664930544,14.104638351455101,30.895361648544895,1.3629232906944164,1.3061890986431919,0.4888888888888889,0.30947326629309,True,False,False,False,,False,,,dox|activated|run2
dox,GFP,activated,run2,PMA,239,run2,2,run2_239_PMA_r2,600.0,,27,0.1278317842029165,1.3186738498591815,0.6050875499477667,1.190842065656265,-26.824322561518795,10.662628401313759,16.33737159868624,0.885600233943145,1.1037941141274379,0.3333333333333333,0.30947326629309,True,False,False,False,,False,,,dox|activated|run2
dox,GFP,activated,run2,PMA,239,run2,3,run2_239_PMA_r3,600.0,,48,0.9579265165600765,1.8246817095059709,0.4509286770824719,0.8667551929458943,-42.16465733406211,26.355439979108997,21.644560020891003,1.3676651836185514,1.3574141005468037,0.5,0.30947326629309,True,False,False,False,,False,,,dox|activated|run2
dox,GFP,activated,run2,untreated,239,run2,1,run2_239_untreated_r1,600.0,,59,1.2036567949165022,2.2557420694817214,0.7342831461323532,1.0520852745652192,-63.80316812293369,15.677278030464516,43.32272196953548,2.0076526263117036,2.024680841501219,0.8135593220338984,0.30947326629309,True,False,False,False,,False,0.0,,dox|activated|run2
dox,GFP,activated,run2,untreated,239,run2,2,run2_239_untreated_r2,600.0,,17,,,,,,,,,,,,False,,,,too few cells,False,0.0,,dox|activated|run2
dox,GFP,activated,run2,untreated,239,run2,3,run2_239_untreated_r3,600.0,,32,1.0821926046206953,2.334372667370366,0.7167584806450434,1.2521800627496709,-31.032510269184886,9.063725443694347,22.936274556305655,1.948837142834267,2.2286614887526626,0.6875,0.30947326629309,True,False,False,False,,False,0.0,,dox|activated|run2
dox,GFP,activated,run2,100,240,run2,1,run2_240_100_r1,600.0,,33,0.10853775604735319,1.9933842274038753,0.47021698102283693,1.884846471356522,-42.55320953872143,17.482840294862548,15.517159705137448,1.0301110654051249,0.917148043651323,0.42424242424242425,0.30947326629309,True,False,False,False,,False,100.0,,dox|activated|run2
dox,GFP,activated,run2,100,240,run2,2,run2_240_100_r2,600.0,,34,0.46085269215984864,1.9226888645299218,0.6418790364951424,1.4618361723700732,-45.48707990985629,12.176102267915029,21.823897732084973,1.4117312387287302,1.5832310721567242,0.5588235294117647,0.30947326629309,True,False,False,False,,False,100.0,,dox|activated|run2
dox,GFP,activated,run2,100,240,run2,3,run2_240_100_r3,600.0,,38,-0.04977779999185076,2.1711398259724755,0.5504991714910608,2.220917625964326,-57.99805573250085,17.08102939235364,20.91897060764636,1.2717396244524581,1.2652049753073267,0.47368421052631576,0.30947326629309,True,False,False,False,,False,100.0,,dox|activated|run2
dox,GFP,activated,run2,20,240,run2,1,run2_240_20_r1,600.0,,29,0.19972700385111075,1.9752785944314248,0.4300494958536986,1.775551590580314,-38.735507311957186,16.528565525026288,12.471434474973714,1.023890447652749,0.743860496754895,0.41379310344827586,0.30947326629309,True,False,False,False,,False,20.0,,dox|activated|run2
dox,GFP,activated,run2,20,240,run2,2,run2_240_20_r2,600.0,,44,0.1379102211501291,2.0008365547669404,0.6197194448800106,1.8629263336168114,-59.9798886640467,16.73234380877492,27.26765619122508,1.3851737737292897,1.5748194270671578,0.5454545454545454,0.30947326629309,True,False,False,False,,False,20.0,,dox|activated|run2
dox,GFP,activated,run2,20,240,run2,3,run2_240_20_r3,600.0,,21,,,,,,,,,,,,False,,,,too few cells,False,20.0,,dox|activated|run2
dox,GFP,activated,run2,500,240,run2,1,run2_240_500_r1,600.0,,51,-0.04221346490278901,1.8336002050859572,0.678836253494164,1.8758136699887462,-74.39442377330961,16.379349539177184,34.620650460822816,1.3170246908409642,1.3144835366419934,0.49019607843137253,0.30947326629309,True,False,False,False,,False,500.0,,dox|activated|run2
dox,GFP,activated,run2,500,240,run2,2,run2_240_500_r2,600.0,,36,0.42646396997138036,2.199012482867671,0.5194539635247309,1.7725485128962906,-43.01441609046342,17.29965691337955,18.70034308662045,1.3808065252299238,1.524900448466068,0.5277777777777778,0.30947326629309,True,False,False,False,,False,500.0,,dox|activated|run2
dox,GFP,activated,run2,500,240,run2,3,run2_240_500_r3,600.0,,26,0.2731740554840798,2.063284535643493,0.6573742535925657,1.7901104801594132,-37.81578630874965,8.908267186025771,17.09173281397423,1.5333092367725767,1.8227116867538777,0.5769230769230769,0.30947326629309,True,False,False,False,,False,500.0,,dox|activated|run2
dox,GFP,activated,run2,untreated,240,run2,1,run2_240_untreated_r1,600.0,,72,0.295409359749787,2.0178351994679233,0.6507588491248586,1.7224258397181362,-90.10663225278986,25.145359484687674,46.854640515312326,1.5044708887721836,1.8045439802933327,0.5972222222222222,0.30947326629309,True,False,False,False,,False,0.0,,dox|activated|run2
dox,GFP,activated,run2,untreated,240,run2,2,run2_240_untreated_r2,600.0,,30,0.35406048866158524,2.4973638794098747,0.48377569110455343,2.1433033907482892,-34.66667951168054,15.48672974581458,14.51327025418542,1.4116792739922563,1.353030100564883,0.5,0.30947326629309,True,False,False,False,,False,0.0,,dox|activated|run2
dox,GFP,activated,run2,untreated,240,run2,3,run2_240_untreated_r3,600.0,,26,0.7475294751870561,2.054286919113046,0.38639554628838785,1.30675744392599,-29.961198848285825,15.953720010164785,10.046279989835215,1.3232554381797061,1.1578895001728773,0.34615384615384615,0.30947326629309,True,False,False,False,,False,0.0,,dox|activated|run2
dox,GFP,activated,run2,100,255,run2,1,run2_255_100_r1,600.0,,33,0.8595920805892546,2.4399390692689917,0.4714433707743717,1.5803469886797372,-38.92829724425872,17.442376723597114,15.557623276402884,1.6620207946382943,1.6368255489447114,0.5757575757575758,0.30947326629309,True,False,False,False,,False,100.0,,dox|activated|run2
dox,GFP,activated,run2,100,255,run2,2,run2_255_100_r2,600.0,,37,0.10222641872383711,2.0709191926041393,0.6178952298998796,1.9686927738803022,-52.6479131908893,14.137876231918328,22.862123768081663,1.3710226862194976,1.498947923927315,0.5135135135135135,0.30947326629309,True,False,False,False,,False,100.0,,dox|activated|run2
dox,GFP,activated,run2,100,255,run2,3,run2_255_100_r3,600.0,,25,0.7278151384197086,2.2604074504777816,0.5290330497424596,1.532592312058073,-31.647196958744637,11.774169795376412,13.22583020462359,1.5814357755532737,1.6237902901400556,0.6,0.30947326629309,True,False,False,False,,False,100.0,,dox|activated|run2
dox,GFP,activated,run2,20,255,run2,1,run2_255_20_r1,600.0,,20,,,,,,,,,,,,False,,,,too few cells,False,20.0,,dox|activated|run2
dox,GFP,activated,run2,20,255,run2,2,run2_255_20_r2,600.0,,55,-0.019062717446860174,2.268366400371354,0.8090576453463304,2.2874291178182142,-70.8629357610741,10.50182843543029,44.498171564569724,1.8815501682403921,2.243111917560971,0.7272727272727273,0.30947326629309,True,False,False,False,,False,20.0,,dox|activated|run2
dox,GFP,activated,run2,20,255,run2,3,run2_255_20_r3,600.0,,35,0.6178954141269741,2.1968773329252183,0.659661848115531,1.5789819187982441,-45.07170249391979,11.911830213770612,23.088169786229386,1.7152205917734997,1.877890443193049,0.6857142857142857,0.30947326629309,True,False,False,False,,False,20.0,,dox|activated|run2
dox,GFP,activated,run2,500,255,run2,1,run2_255_500_r1,600.0,,42,1.4228391598738548,2.514265977968635,0.24870220226559425,1.0914268180947801,-42.600503455721714,31.554521724163227,10.445478275836777,1.7001763012783528,1.6641079321568555,0.6904761904761905,0.30947326629309,True,False,False,False,,False,500.0,,dox|activated|run2
dox,GFP,activated,run2,500,255,run2,2,run2_255_500_r2,600.0,,25,1.1695428409276525,2.625699433542137,0.450411848866536,1.4561565926144844,-31.053341466778363,13.739707593759384,11.260292406240618,1.849556755597452,1.7495840559333191,0.6,0.30947326629309,True,False,False,False,,False,500.0,,dox|activated|run2
dox,GFP,activated,run2,500,255,run2,3,run2_255_500_r3,600.0,,21,,,,,,,,,,,,False,,,,too few cells,False,500.0,,dox|activated|run2
dox,GFP,activated,run2,untreated,255,run2,1,run2_255_untreated_r1,600.0,,56,0.4826024866638882,2.0980815525265917,0.7597687483466261,1.6154790658627034,-70.10706821483816,13.452944478957042,42.54705552104296,1.8084604804755753,2.036363291151763,0.6964285714285714,0.30947326629309,True,False,False,False,,False,0.0,,dox|activated|run2
dox,GFP,activated,run2,untreated,255,run2,2,run2_255_untreated_r2,600.0,,24,,,,,,,,,,,,False,,,,too few cells,False,0.0,,dox|activated|run2
dox,GFP,activated,run2,untreated,255,run2,3,run2_255_untreated_r3,600.0,,37,0.9126363039996414,2.3776347227857544,0.7547502865671871,1.464998418786113,-41.09267927042913,9.074235722010304,27.925764277989696,2.0840479748066016,2.281174277405416,0.7837837837837838,0.30947326629309,True,False,False,False,,False,0.0,,dox|activated|run2
dox,GFP,activated,run2,100,257,run2,1,run2_257_100_r1,600.0,,271,0.5912305419303217,1.5538737149163366,0.7299902666914153,0.962643172986015,-257.94857525712905,73.17260436897463,197.82739563102535,1.2846775082478574,1.4361222482282925,0.5092250922509225,0.30947326629309,True,False,False,False,,False,100.0,,dox|activated|run2
dox,GFP,activated,run2,100,257,run2,2,run2_257_100_r2,600.0,,37,0.7081728238742663,2.353436327269531,0.5725925955530192,1.6452635033952645,-47.50147225877368,15.81406814678747,21.185931853212526,1.6754223346259007,1.9120073217942433,0.5675675675675675,0.30947326629309,True,False,False,False,,False,100.0,,dox|activated|run2
dox,GFP,activated,run2,100,257,run2,3,run2_257_100_r3,600.0,,34,0.4500101892808398,1.9897166373464015,0.7126615143951129,1.5397064480655618,-38.37276081574779,9.769506693425287,24.230493306574708,1.6469236766410962,1.911471842620839,0.6764705882352942,0.30947326629309,True,False,False,False,,False,100.0,,dox|activated|run2
dox,GFP,activated,run2,20,257,run2,1,run2_257_20_r1,600.0,,27,0.6141856124425309,2.3720598757648705,0.715140254983222,1.7578742633223396,-27.87746593064053,7.69121275257903,19.30878724742097,1.8921280045594162,2.200775077014553,0.7407407407407407,0.30947326629309,True,False,False,False,,False,20.0,,dox|activated|run2
dox,GFP,activated,run2,20,257,run2,2,run2_257_20_r2,600.0,,26,-0.43912216274245436,2.094270283128891,0.6300933679125188,2.5333924458713453,-42.37243970730519,9.617570030168832,16.38242996983117,1.1882204456931724,1.4464212083313783,0.5,0.30947326629309,True,False,False,False,,False,20.0,,dox|activated|run2
dox,GFP,activated,run2,20,257,run2,3,run2_257_20_r3,600.0,,44,0.5253982936952148,2.441343454179049,0.8790018303518777,1.915945160483834,-45.02153980647427,5.323918804144219,38.67608119585577,2.2311712872358607,2.5027293680728064,0.8636363636363636,0.30947326629309,True,False,False,False,,False,20.0,,dox|activated|run2
dox,GFP,activated,run2,500,257,run2,1,run2_257_500_r1,600.0,,23,,,,,,,,,,,,False,,,,too few cells,False,500.0,,dox|activated|run2
dox,GFP,activated,run2,500,257,run2,2,run2_257_500_r2,600.0,,31,1.0414352301574652,2.2610432042878013,0.5544346937196301,1.219607974130336,-35.10608854328883,13.812517523976608,17.18748247602339,1.7686672080557024,1.835458166290582,0.5806451612903226,0.30947326629309,True,False,False,False,,False,500.0,,dox|activated|run2
dox,GFP,activated,run2,500,257,run2,3,run2_257_500_r3,600.0,,33,0.7041756952417819,2.3022714893458973,0.6794715458742221,1.5980957941041154,-39.37250603310788,10.577436939522304,22.422563060477696,1.841698655320277,2.0026773011101633,0.6666666666666666,0.30947326629309,True,False,False,False,,False,500.0,,dox|activated|run2
dox,GFP,activated,run2,untreated,257,run2,1,run2_257_untreated_r1,600.0,,51,0.4736226256135334,2.1511108593566903,0.8097903659295843,1.677488233743157,-58.17850347607573,9.700690010754826,41.299309989245174,1.8601763045687119,1.8674721467408986,0.7843137254901961,0.30947326629309,True,False,False,False,,False,0.0,,dox|activated|run2
dox,GFP,activated,run2,untreated,257,run2,2,run2_257_untreated_r2,600.0,,40,0.3258134785344379,2.4228574143211548,0.7684518984286894,2.0970439357867168,-45.06243728047926,9.261923581431775,30.738076418568227,1.9870546870341947,2.294671610475149,0.75,0.30947326629309,True,False,False,False,,False,0.0,,dox|activated|run2
dox,GFP,activated,run2,untreated,257,run2,3,run2_257_untreated_r3,600.0,,35,0.5041573939751739,2.093825360486409,0.6942043492276836,1.589667966511235,-44.94136141844096,10.702844641570362,24.297155358429634,1.716201582621859,1.8376998489796017,0.6857142857142857,0.30947326629309,True,False,False,False,,False,0.0,,dox|activated|run2
